Post Url,Likes,"Comments,collections",shares,Views,Post Date,selfkoc,video_id
https://www.tiktok.com/@eeds1u/video/7480378620847082798,0,0,0,15,2025-03-11,@eeds1u,7480378620847082798
https://www.tiktok.com/@ironease8/video/7480377443270888746,11,0,0,572,2025-03-11,@ironease8,7480377443270888746
https://www.tiktok.com/@obadia.goodman/video/7480376416362646827,17,0,1,237,2025-03-11,@obadia.goodman,7480376416362646827
https://www.tiktok.com/@alardo.richter/video/7480367516334853422,2,0,0,144,2025-03-11,@alardo.richter,7480367516334853422
https://www.tiktok.com/@iciarykrr18/video/7480367530662530346,11,0,0,761,2025-03-11,@iciarykrr18,7480367530662530346
https://www.tiktok.com/@dug20315fpo/video/7480366003327700266,1,0,0,109,2025-03-11,@dug20315fpo,7480366003327700266
https://www.tiktok.com/@eeds1u/video/7480215625504345390,14,0,1,1167,2025-03-11,@eeds1u,7480215625504345390
https://www.tiktok.com/@ironease8/video/7480216234747809067,12,0,1,973,2025-03-11,@ironease8,7480216234747809067
https://www.tiktok.com/@obadia.goodman/video/7479820357554228522,47,0,0,6,2025-03-11,@obadia.goodman,7479820357554228522
https://www.tiktok.com/@demps.8i/video/7480374074519113002,8,0,0,600,2025-03-11,@demps.8i,7480374074519113002
https://www.tiktok.com/@demps.8i/video/7480216827398720810,28,0,0,1519,2025-03-11,@demps.8i,7480216827398720810
https://www.tiktok.com/@eeds1g/video/7480367531157589294,2,0,0,142,2025-03-11,@eeds1g,7480367531157589294
https://www.tiktok.com/@alardo.richter/video/7480201375851531566,25,0,1,1093,2025-03-10,@alardo.richter,7480201375851531566
https://www.tiktok.com/@iciarykrr18/video/7480201523494915371,17,0,0,1137,2025-03-10,@iciarykrr18,7480201523494915371
https://www.tiktok.com/@dug20315fpo/video/7480201502129229102,8,0,0,708,2025-03-10,@dug20315fpo,7480201502129229102
https://www.tiktok.com/@dalmixqgivy/video/7480145854855302446,2,0,0,3108,2025-03-10,@dalmixqgivy,7480145854855302446
https://www.tiktok.com/@neakasamagic1/video/7480147085015272750,7,0,1,461,2025-03-10,@neakasamagic1,7480147085015272750
https://www.tiktok.com/@eeds1g/video/7480201665497337130,20,1,2,1103,2025-03-10,@eeds1g,7480201665497337130
https://www.tiktok.com/@eeds1g/video/7479806712875109678,20,0,0,973,2025-03-10,@eeds1g,7479806712875109678
https://www.tiktok.com/@ironease8/video/7479820361509440811,18,0,0,1071,2025-03-10,@ironease8,7479820361509440811
https://www.tiktok.com/@eeds1u/video/7479820120957750571,29,1,2,1013,2025-03-10,@eeds1u,7479820120957750571
https://www.tiktok.com/@neakasamagic1/video/7479856848145812782,1802,12,522,285600,2025-03-10,@neakasamagic1,7479856848145812782
https://www.tiktok.com/@dalmixqgivy/video/7479821788722007338,2,0,0,930,2025-03-10,@dalmixqgivy,7479821788722007338
https://www.tiktok.com/@dug20315fpo/video/7479806489516002606,31,0,2,1677,2025-03-10,@dug20315fpo,7479806489516002606
https://www.tiktok.com/@iciarykrr18/video/7479806495354375466,6,0,0,1199,2025-03-10,@iciarykrr18,7479806495354375466
https://www.tiktok.com/@alardo.richter/video/7479806479076232494,6,0,0,683,2025-03-10,@alardo.richter,7479806479076232494
https://www.tiktok.com/@eeds1g/video/7479060197541973291,11,2,1,1040,2025-03-08,@eeds1g,7479060197541973291
https://www.tiktok.com/@demps.8i/video/7479067655882968366,24,0,0,1429,2025-03-08,@demps.8i,7479067655882968366
https://www.tiktok.com/@obadia.goodman/video/7479067745074597166,32,1,1,943,2025-03-08,@obadia.goodman,7479067745074597166
https://www.tiktok.com/@ironease8/video/7479067768462052650,36,1,4,1088,2025-03-08,@ironease8,7479067768462052650
https://www.tiktok.com/@eeds1u/video/7479067764343459118,24,1,3,990,2025-03-08,@eeds1u,7479067764343459118
https://www.tiktok.com/@neakasamagic1/video/7479022814473948462,17,0,2,950,2025-03-08,@neakasamagic1,7479022814473948462
https://www.tiktok.com/@dalmixqgivy/video/7479022176046255402,9,0,0,381,2025-03-08,@dalmixqgivy,7479022176046255402
https://www.tiktok.com/@dug20315fpo/video/7479060075366141227,24,0,1,1715,2025-03-08,@dug20315fpo,7479060075366141227
https://www.tiktok.com/@iciarykrr18/video/7479060016520219950,12,0,0,1017,2025-03-08,@iciarykrr18,7479060016520219950
https://www.tiktok.com/@alardo.richter/video/7479060070630837547,21,1,0,1220,2025-03-08,@alardo.richter,7479060070630837547
https://www.tiktok.com/@eeds1g/video/7478701337438358827,31,1,3,1153,2025-03-07,@eeds1g,7478701337438358827
https://www.tiktok.com/@demps.8i/video/7478737994133065006,24,1,0,1222,2025-03-07,@demps.8i,7478737994133065006
https://www.tiktok.com/@obadia.goodman/video/7478685914286394667,29,1,2,914,2025-03-07,@obadia.goodman,7478685914286394667
https://www.tiktok.com/@ironease8/video/7478685931231333674,13,0,0,1149,2025-03-07,@ironease8,7478685931231333674
https://www.tiktok.com/@eeds1u/video/7478687856974712110,12,1,0,921,2025-03-07,@eeds1u,7478687856974712110
https://www.tiktok.com/@xochitlpadmore/video/7478527822307314951,0,0,0,1,2025-03-07,@xochitlpadmore,7478527822307314951
https://www.tiktok.com/@neakasamagic1/video/7478747045613014318,8,0,1,4840,2025-03-07,@neakasamagic1,7478747045613014318
https://www.tiktok.com/@dalmixqgivy/video/7478746489309859118,0,0,0,790,2025-03-07,@dalmixqgivy,7478746489309859118
https://www.tiktok.com/@dalmixqgivy/video/7478528020618218795,1,0,0,2391,2025-03-07,@dalmixqgivy,7478528020618218795
https://www.tiktok.com/@dug20315fpo/video/7478698628098411822,16,0,0,1007,2025-03-07,@dug20315fpo,7478698628098411822
https://www.tiktok.com/@iciarykrr18/video/7478698638667992362,7,0,1,690,2025-03-07,@iciarykrr18,7478698638667992362
https://www.tiktok.com/@alardo.richter/video/7478698624763890986,31,1,0,981,2025-03-07,@alardo.richter,7478698624763890986
https://www.tiktok.com/@eeds1g/video/7478332483277425966,11,0,1,997,2025-03-06,@eeds1g,7478332483277425966
https://www.tiktok.com/@demps.8i/video/7478520047091289390,14,1,0,903,2025-03-06,@demps.8i,7478520047091289390
https://www.tiktok.com/@demps.8i/video/7478324384411831598,25,0,2,1477,2025-03-06,@demps.8i,7478324384411831598
https://www.tiktok.com/@obadia.goodman/video/7478497611394141486,11,0,2,772,2025-03-06,@obadia.goodman,7478497611394141486
https://www.tiktok.com/@obadia.goodman/video/7478323951626702126,12,0,1,953,2025-03-06,@obadia.goodman,7478323951626702126
https://www.tiktok.com/@ironease8/video/7478497468469005614,15,0,0,1003,2025-03-06,@ironease8,7478497468469005614
https://www.tiktok.com/@ironease8/video/7478322761811676459,1,0,0,52,2025-03-06,@ironease8,7478322761811676459
https://www.tiktok.com/@eeds1u/video/7478497575461489966,26,1,2,913,2025-03-06,@eeds1u,7478497575461489966
https://www.tiktok.com/@eeds1u/video/7478327902673571118,16,0,1,1138,2025-03-06,@eeds1u,7478327902673571118
https://www.tiktok.com/@xochitlpadmore/video/7478283705228758290,0,0,0,0,2025-03-06,@xochitlpadmore,7478283705228758290
https://www.tiktok.com/@xochitlpadmore/video/7478157609883815176,0,0,0,6,2025-03-06,@xochitlpadmore,7478157609883815176
https://www.tiktok.com/@neakasamagic1/video/7478286387771477290,2,1,1,158,2025-03-06,@neakasamagic1,7478286387771477290
https://www.tiktok.com/@neakasamagic1/video/7478160176185347374,7,3,1,522,2025-03-06,@neakasamagic1,7478160176185347374
https://www.tiktok.com/@dalmixqgivy/video/7478283305381825838,0,0,0,3924,2025-03-06,@dalmixqgivy,7478283305381825838
https://www.tiktok.com/@dalmixqgivy/video/7478157680809643310,1,0,0,2462,2025-03-06,@dalmixqgivy,7478157680809643310
https://www.tiktok.com/@dug20315fpo/video/7478328217238113579,17,0,1,915,2025-03-06,@dug20315fpo,7478328217238113579
https://www.tiktok.com/@iciarykrr18/video/7478328131661647150,6,0,0,177,2025-03-06,@iciarykrr18,7478328131661647150
https://www.tiktok.com/@alardo.richter/video/7478328173839732014,55,0,1,1349,2025-03-06,@alardo.richter,7478328173839732014
https://www.tiktok.com/@eeds1g/video/7477962218538290478,39,1,1,903,2025-03-05,@eeds1g,7477962218538290478
https://www.tiktok.com/@demps.8i/video/7477973864946044206,15,0,0,1132,2025-03-05,@demps.8i,7477973864946044206
https://www.tiktok.com/@obadia.goodman/video/7477973459792923947,28,1,0,946,2025-03-05,@obadia.goodman,7477973459792923947
https://www.tiktok.com/@ironease8/video/7477973261100305707,7,1,0,1012,2025-03-05,@ironease8,7477973261100305707
https://www.tiktok.com/@eeds1u/video/7477973391937424686,13,0,0,1014,2025-03-05,@eeds1u,7477973391937424686
https://www.tiktok.com/@xochitlpadmore/video/7477963931244383495,0,0,0,0,2025-03-05,@xochitlpadmore,7477963931244383495
https://www.tiktok.com/@neakasamagic1/video/7477964207951072554,10,3,1,627,2025-03-05,@neakasamagic1,7477964207951072554
https://www.tiktok.com/@dalmixqgivy/video/7477963394255998250,15,3,1,300,2025-03-05,@dalmixqgivy,7477963394255998250
https://www.tiktok.com/@dug20315fpo/video/7477961346408287534,16,0,0,1457,2025-03-05,@dug20315fpo,7477961346408287534
https://www.tiktok.com/@iciarykrr18/video/7477961382965611819,15,1,0,338,2025-03-05,@iciarykrr18,7477961382965611819
https://www.tiktok.com/@alardo.richter/video/7477961367882829099,12,1,0,934,2025-03-05,@alardo.richter,7477961367882829099
https://www.tiktok.com/@eeds1g/video/7477776237939805483,40,0,0,880,2025-03-04,@eeds1g,7477776237939805483
https://www.tiktok.com/@demps.8i/video/7477775238441372974,37,0,0,845,2025-03-04,@demps.8i,7477775238441372974
https://www.tiktok.com/@demps.8i/video/7477614927859993898,12,0,0,942,2025-03-04,@demps.8i,7477614927859993898
https://www.tiktok.com/@obadia.goodman/video/7477775395937520942,7,0,0,777,2025-03-04,@obadia.goodman,7477775395937520942
https://www.tiktok.com/@ironease8/video/7477775354115935534,13,0,0,875,2025-03-04,@ironease8,7477775354115935534
https://www.tiktok.com/@eeds1u/video/7477775170632142126,7,0,0,1214,2025-03-04,@eeds1u,7477775170632142126
https://www.tiktok.com/@dug20315fpo/video/7477776277982940462,12,0,0,804,2025-03-04,@dug20315fpo,7477776277982940462
https://www.tiktok.com/@iciarykrr18/video/7477777349996449066,7,1,0,279,2025-03-04,@iciarykrr18,7477777349996449066
https://www.tiktok.com/@alardo.richter/video/7477776295112477998,12,4,3,1037,2025-03-04,@alardo.richter,7477776295112477998
https://www.tiktok.com/@eeds1u/video/7477595616143527210,2,0,0,75,2025-03-03,@eeds1u,7477595616143527210
https://www.tiktok.com/@obadia.goodman/video/7477595515325074731,2,0,0,47,2025-03-03,@obadia.goodman,7477595515325074731
https://www.tiktok.com/@iciarykrr18/video/7477592924503706926,1,0,0,87,2025-03-03,@iciarykrr18,7477592924503706926
https://www.tiktok.com/@dug20315fpo/video/7477592884510870826,10,0,0,316,2025-03-03,@dug20315fpo,7477592884510870826
https://www.tiktok.com/@ironease8/video/7477592071746948398,2,0,0,231,2025-03-03,@ironease8,7477592071746948398
https://www.tiktok.com/@eeds1g/video/7477593035837050158,4,0,0,117,2025-03-03,@eeds1g,7477593035837050158
https://www.tiktok.com/@alardo.richter/video/7477592964508929326,0,0,0,0,2025-03-03,@alardo.richter,7477592964508929326
https://www.tiktok.com/@dalmixqgivy/video/7477234720716164395,2,0,1,2509,2025-03-02,@dalmixqgivy,7477234720716164395
https://www.tiktok.com/@neakasamagic1/video/7477235274880175406,8,1,2,313,2025-03-02,@neakasamagic1,7477235274880175406
https://www.tiktok.com/@xochitlpadmore/video/7477234399046585618,0,0,0,0,2025-03-02,@xochitlpadmore,7477234399046585618
https://www.tiktok.com/@alardo.richter/video/7477214856697892142,14,0,1,1084,2025-03-02,@alardo.richter,7477214856697892142
https://www.tiktok.com/@luckily077/video/7477214965628194094,44,0,2,998,2025-03-02,@luckily077,7477214965628194094
https://www.tiktok.com/@eeds1g/video/7477215391362682154,36,1,0,1192,2025-03-02,@eeds1g,7477215391362682154
https://www.tiktok.com/@dug20315fpo/video/7477214870165966126,20,0,4,987,2025-03-02,@dug20315fpo,7477214870165966126
https://www.tiktok.com/@iciarykrr18/video/7477214834359029035,4,0,1,412,2025-03-02,@iciarykrr18,7477214834359029035
https://www.tiktok.com/@alardo.richter/video/7476473199736180011,17,0,1,1724,2025-02-28,@alardo.richter,7476473199736180011
https://www.tiktok.com/@luckily077/video/7476473255084477742,30,0,6,876,2025-02-28,@luckily077,7476473255084477742
https://www.tiktok.com/@eeds1g/video/7476473853317827886,32,4,2,2410,2025-02-28,@eeds1g,7476473853317827886
https://www.tiktok.com/@demps.8i/video/7476468064138202414,18,0,1,880,2025-02-28,@demps.8i,7476468064138202414
https://www.tiktok.com/@obadia.goodman/video/7476467159766502702,19,0,1,935,2025-02-28,@obadia.goodman,7476467159766502702
https://www.tiktok.com/@ironease8/video/7476466888315358510,18,0,1,829,2025-02-28,@ironease8,7476466888315358510
https://www.tiktok.com/@eeds1u/video/7476465676048256302,12,0,1,1033,2025-02-28,@eeds1u,7476465676048256302
https://www.tiktok.com/@neakasamagic1/video/7476444805896391982,6,0,0,456,2025-02-28,@neakasamagic1,7476444805896391982
https://www.tiktok.com/@dalmixqgivy/video/7476445303416114478,2,1,2,276,2025-02-28,@dalmixqgivy,7476445303416114478
https://www.tiktok.com/@willexkn44s/video/7476464537168825630,7,0,0,259,2025-02-28,@willexkn44s,7476464537168825630
https://www.tiktok.com/@dug20315fpo/video/7476471878253661483,19,0,1,1148,2025-02-28,@dug20315fpo,7476471878253661483
https://www.tiktok.com/@iciarykrr18/video/7476473109860633899,8,0,0,412,2025-02-28,@iciarykrr18,7476473109860633899
https://www.tiktok.com/@alardo.richter/video/7476104356216098094,0,0,1,139,2025-02-27,@alardo.richter,7476104356216098094
https://www.tiktok.com/@alardo.richter/video/7475924807817628970,35,1,1,888,2025-02-27,@alardo.richter,7475924807817628970
https://www.tiktok.com/@alardo.richter/video/7475741419039165739,19,0,0,856,2025-02-27,@alardo.richter,7475741419039165739
https://www.tiktok.com/@luckily077/video/7476104235235544366,17,0,0,776,2025-02-27,@luckily077,7476104235235544366
https://www.tiktok.com/@luckily077/video/7475741240806591790,31,1,1,1324,2025-02-27,@luckily077,7475741240806591790
https://www.tiktok.com/@eeds1g/video/7476104156281851182,23,1,1,813,2025-02-27,@eeds1g,7476104156281851182
https://www.tiktok.com/@eeds1g/video/7475741392581512491,24,0,0,1122,2025-02-27,@eeds1g,7475741392581512491
https://www.tiktok.com/@demps.8i/video/7476099392831802667,10,1,0,864,2025-02-27,@demps.8i,7476099392831802667
https://www.tiktok.com/@demps.8i/video/7475916881464003882,30,0,0,807,2025-02-27,@demps.8i,7475916881464003882
https://www.tiktok.com/@obadia.goodman/video/7476099156998901038,17,0,1,951,2025-02-27,@obadia.goodman,7476099156998901038
https://www.tiktok.com/@obadia.goodman/video/7475919936238423339,25,0,0,1179,2025-02-27,@obadia.goodman,7475919936238423339
https://www.tiktok.com/@ironease8/video/7476100178206887214,16,0,2,805,2025-02-27,@ironease8,7476100178206887214
https://www.tiktok.com/@ironease8/video/7475915756878761259,40,0,2,776,2025-02-27,@ironease8,7475915756878761259
https://www.tiktok.com/@eeds1u/video/7476099274976038187,37,0,1,1219,2025-02-27,@eeds1u,7476099274976038187
https://www.tiktok.com/@eeds1u/video/7475918726391581998,64,0,1,832,2025-02-27,@eeds1u,7475918726391581998
https://www.tiktok.com/@dalmixqgivy/video/7476044052765494574,2,0,0,3847,2025-02-27,@dalmixqgivy,7476044052765494574
https://www.tiktok.com/@willexkn44s/video/7476099423026597151,25,0,2,971,2025-02-27,@willexkn44s,7476099423026597151
https://www.tiktok.com/@willexkn44s/video/7475917147961707807,8,0,0,191,2025-02-27,@willexkn44s,7475917147961707807
https://www.tiktok.com/@dug20315fpo/video/7476103318763261226,2,0,0,478,2025-02-27,@dug20315fpo,7476103318763261226
https://www.tiktok.com/@iciarykrr18/video/7476103978984541486,4,0,0,330,2025-02-27,@iciarykrr18,7476103978984541486
https://www.tiktok.com/@demps.8i/video/7475731848585481518,13,0,0,909,2025-02-26,@demps.8i,7475731848585481518
https://www.tiktok.com/@obadia.goodman/video/7475729016478256430,20,0,0,1248,2025-02-26,@obadia.goodman,7475729016478256430
https://www.tiktok.com/@obadia.goodman/video/7475556048372288810,0,0,0,2452,2025-02-26,@obadia.goodman,7475556048372288810
https://www.tiktok.com/@ironease8/video/7475729921013321002,31,0,2,790,2025-02-26,@ironease8,7475729921013321002
https://www.tiktok.com/@ironease8/video/7475525116030438702,2,0,0,153,2025-02-26,@ironease8,7475525116030438702
https://www.tiktok.com/@eeds1u/video/7475729941624114474,42,0,1,1067,2025-02-26,@eeds1u,7475729941624114474
https://www.tiktok.com/@xochitlpadmore/video/7475682032304131336,2,0,0,305,2025-02-26,@xochitlpadmore,7475682032304131336
https://www.tiktok.com/@neakasamagic1/video/7475679837177548078,51,1,10,1515,2025-02-26,@neakasamagic1,7475679837177548078
https://www.tiktok.com/@dalmixqgivy/video/7475682446902644010,1,0,0,3072,2025-02-26,@dalmixqgivy,7475682446902644010
https://www.tiktok.com/@willexkn44s/video/7475729984603131167,6,0,1,315,2025-02-26,@willexkn44s,7475729984603131167
https://www.tiktok.com/@willexkn44s/video/7475526375277939998,0,0,0,42,2025-02-26,@willexkn44s,7475526375277939998
https://www.tiktok.com/@dug20315fpo/video/7475737177071029547,34,0,0,849,2025-02-26,@dug20315fpo,7475737177071029547
https://www.tiktok.com/@iciarykrr18/video/7475740985037688106,13,2,1,286,2025-02-26,@iciarykrr18,7475740985037688106
https://www.tiktok.com/@alardo.richter/video/7475362748986346798,28,0,1,878,2025-02-25,@alardo.richter,7475362748986346798
https://www.tiktok.com/@alardo.richter/video/7475171249539550510,20,0,2,799,2025-02-25,@alardo.richter,7475171249539550510
https://www.tiktok.com/@luckily077/video/7475365450025766190,11,0,2,332,2025-02-25,@luckily077,7475365450025766190
https://www.tiktok.com/@luckily077/video/7475171451289767214,33,0,1,882,2025-02-25,@luckily077,7475171451289767214
https://www.tiktok.com/@eeds1g/video/7475365495085075754,12,0,0,914,2025-02-25,@eeds1g,7475365495085075754
https://www.tiktok.com/@eeds1g/video/7475170715885440298,39,0,1,854,2025-02-25,@eeds1g,7475170715885440298
https://www.tiktok.com/@demps.8i/video/7475358494410132782,19,0,2,841,2025-02-25,@demps.8i,7475358494410132782
https://www.tiktok.com/@demps.8i/video/7475169587148000558,40,0,3,886,2025-02-25,@demps.8i,7475169587148000558
https://www.tiktok.com/@demps.8i/video/7475002466258685226,40,0,0,1037,2025-02-25,@demps.8i,7475002466258685226
https://www.tiktok.com/@obadia.goodman/video/7475358592942509355,0,0,0,111,2025-02-25,@obadia.goodman,7475358592942509355
https://www.tiktok.com/@obadia.goodman/video/7475170696071564587,3,0,0,123,2025-02-25,@obadia.goodman,7475170696071564587
https://www.tiktok.com/@ironease8/video/7475366526460185902,1,0,0,135,2025-02-25,@ironease8,7475366526460185902
https://www.tiktok.com/@ironease8/video/7475170425794776366,41,0,1,805,2025-02-25,@ironease8,7475170425794776366
https://www.tiktok.com/@eeds1u/video/7475367056267906350,31,0,2,1496,2025-02-25,@eeds1u,7475367056267906350
https://www.tiktok.com/@eeds1u/video/7475171329017122091,12,0,1,346,2025-02-25,@eeds1u,7475171329017122091
https://www.tiktok.com/@xochitlpadmore/video/7475306624832294152,0,0,0,1,2025-02-25,@xochitlpadmore,7475306624832294152
https://www.tiktok.com/@xochitlpadmore/video/7475175020973559048,0,0,0,0,2025-02-25,@xochitlpadmore,7475175020973559048
https://www.tiktok.com/@neakasamagic1/video/7475306580364315946,1,0,0,239,2025-02-25,@neakasamagic1,7475306580364315946
https://www.tiktok.com/@dalmixqgivy/video/7475306364026228011,2,0,0,3667,2025-02-25,@dalmixqgivy,7475306364026228011
https://www.tiktok.com/@willexkn44s/video/7475170115579825438,58,1,2,847,2025-02-25,@willexkn44s,7475170115579825438
https://www.tiktok.com/@dug20315fpo/video/7475362537534459182,22,0,3,902,2025-02-25,@dug20315fpo,7475362537534459182
https://www.tiktok.com/@dug20315fpo/video/7475170505448836395,12,0,0,1095,2025-02-25,@dug20315fpo,7475170505448836395
https://www.tiktok.com/@iciarykrr18/video/7475362496430345515,6,1,0,165,2025-02-25,@iciarykrr18,7475362496430345515
https://www.tiktok.com/@iciarykrr18/video/7475170839198223662,6,0,2,259,2025-02-25,@iciarykrr18,7475170839198223662
https://www.tiktok.com/@eeds1g/video/7474797616531017006,0,0,0,122,2025-02-24,@eeds1g,7474797616531017006
https://www.tiktok.com/@luckily077/video/7474795856953183531,11,0,1,465,2025-02-24,@luckily077,7474795856953183531
https://www.tiktok.com/@alardo.richter/video/7474794815583046958,43,0,1,871,2025-02-24,@alardo.richter,7474794815583046958
https://www.tiktok.com/@alardo.richter/video/7474982300481097006,40,2,1,2829,2025-02-24,@alardo.richter,7474982300481097006
https://www.tiktok.com/@luckily077/video/7474982270726606122,26,1,0,822,2025-02-24,@luckily077,7474982270726606122
https://www.tiktok.com/@eeds1g/video/7474982248626883882,2,0,0,159,2025-02-24,@eeds1g,7474982248626883882
https://www.tiktok.com/@obadia.goodman/video/7474990013638348078,17,1,0,1070,2025-02-24,@obadia.goodman,7474990013638348078
https://www.tiktok.com/@ironease8/video/7474990647951281450,28,0,2,834,2025-02-24,@ironease8,7474990647951281450
https://www.tiktok.com/@eeds1u/video/7474990558566485291,21,0,0,841,2025-02-24,@eeds1u,7474990558566485291
https://www.tiktok.com/@neakasamagic1/video/7474979496039402795,6,0,0,320,2025-02-24,@neakasamagic1,7474979496039402795
https://www.tiktok.com/@dalmixqgivy/video/7474980170521365806,7,0,0,345,2025-02-24,@dalmixqgivy,7474980170521365806
https://www.tiktok.com/@willexkn44s/video/7474991053225954590,29,0,1,980,2025-02-24,@willexkn44s,7474991053225954590
https://www.tiktok.com/@dug20315fpo/video/7474982005436943662,15,1,1,909,2025-02-24,@dug20315fpo,7474982005436943662
https://www.tiktok.com/@iciarykrr18/video/7474982183929695531,3,0,0,283,2025-02-24,@iciarykrr18,7474982183929695531
https://www.tiktok.com/@iciarykrr18/video/7474622417793551658,1,0,0,296,2025-02-23,@iciarykrr18,7474622417793551658
https://www.tiktok.com/@dug20315fpo/video/7474621834495855914,23,1,5,886,2025-02-23,@dug20315fpo,7474621834495855914
https://www.tiktok.com/@xochitlpadmore/video/7474573411688156423,5,1,1,250,2025-02-23,@xochitlpadmore,7474573411688156423
https://www.tiktok.com/@neakasamagic1/video/7474571108805594410,15,0,2,418,2025-02-23,@neakasamagic1,7474571108805594410
https://www.tiktok.com/@dalmixqgivy/video/7474570670916128042,1,0,0,2302,2025-02-23,@dalmixqgivy,7474570670916128042
https://www.tiktok.com/@alardo.richter/video/7473876772690496814,18,0,1,1031,2025-02-22,@alardo.richter,7473876772690496814
https://www.tiktok.com/@luckily077/video/7473877135787134250,25,0,3,855,2025-02-22,@luckily077,7473877135787134250
https://www.tiktok.com/@eeds1g/video/7473877068627840302,40,0,0,954,2025-02-22,@eeds1g,7473877068627840302
https://www.tiktok.com/@demps.8i/video/7473862885203021102,24,0,1,978,2025-02-22,@demps.8i,7473862885203021102
https://www.tiktok.com/@obadia.goodman/video/7473865052043529518,18,0,1,2587,2025-02-22,@obadia.goodman,7473865052043529518
https://www.tiktok.com/@ironease8/video/7473898655528045870,21,1,3,811,2025-02-22,@ironease8,7473898655528045870
https://www.tiktok.com/@eeds1u/video/7473525307610320174,42,0,4,896,2025-02-22,@eeds1u,7473525307610320174
https://www.tiktok.com/@willexkn44s/video/7473898601094139166,19,0,1,842,2025-02-22,@willexkn44s,7473898601094139166
https://www.tiktok.com/@dug20315fpo/video/7473876552900578606,13,0,1,378,2025-02-22,@dug20315fpo,7473876552900578606
https://www.tiktok.com/@iciarykrr18/video/7473877128266894638,40,0,4,869,2025-02-22,@iciarykrr18,7473877128266894638
https://www.tiktok.com/@alardo.richter/video/7473509108273007915,8,0,0,866,2025-02-21,@alardo.richter,7473509108273007915
https://www.tiktok.com/@luckily077/video/7473509828686646571,29,0,1,863,2025-02-21,@luckily077,7473509828686646571
https://www.tiktok.com/@eeds1g/video/7473509786848611630,2,0,0,201,2025-02-21,@eeds1g,7473509786848611630
https://www.tiktok.com/@demps.8i/video/7473529798565055790,34,0,0,1027,2025-02-21,@demps.8i,7473529798565055790
https://www.tiktok.com/@obadia.goodman/video/7473525294411025710,26,0,0,865,2025-02-21,@obadia.goodman,7473525294411025710
https://www.tiktok.com/@ironease8/video/7473525226169470250,28,0,0,911,2025-02-21,@ironease8,7473525226169470250
https://www.tiktok.com/@xochitlpadmore/video/7473837993401388295,5,0,0,350,2025-02-21,@xochitlpadmore,7473837993401388295
https://www.tiktok.com/@neakasamagic1/video/7473838192333180206,9,1,4,218,2025-02-21,@neakasamagic1,7473838192333180206
https://www.tiktok.com/@dalmixqgivy/video/7473837406899440942,3,0,0,3820,2025-02-21,@dalmixqgivy,7473837406899440942
https://www.tiktok.com/@willexkn44s/video/7473525656421256478,15,3,1,355,2025-02-21,@willexkn44s,7473525656421256478
https://www.tiktok.com/@dug20315fpo/video/7473509537841024302,7,0,0,209,2025-02-21,@dug20315fpo,7473509537841024302
https://www.tiktok.com/@iciarykrr18/video/7473509723384401198,0,0,0,138,2025-02-21,@iciarykrr18,7473509723384401198
https://www.tiktok.com/@alardo.richter/video/7473380234683862314,38,2,3,881,2025-02-20,@alardo.richter,7473380234683862314
https://www.tiktok.com/@alardo.richter/video/7473133098004303150,19,1,1,824,2025-02-20,@alardo.richter,7473133098004303150
https://www.tiktok.com/@luckily077/video/7473380610233453866,38,0,2,859,2025-02-20,@luckily077,7473380610233453866
https://www.tiktok.com/@luckily077/video/7473132906412674350,45,0,3,815,2025-02-20,@luckily077,7473132906412674350
https://www.tiktok.com/@eeds1g/video/7473380298739207467,13,0,3,367,2025-02-20,@eeds1g,7473380298739207467
https://www.tiktok.com/@eeds1g/video/7473132108676975918,0,0,2,257,2025-02-20,@eeds1g,7473132108676975918
https://www.tiktok.com/@demps.8i/video/7473379029391772970,26,0,0,947,2025-02-20,@demps.8i,7473379029391772970
https://www.tiktok.com/@demps.8i/video/7473128735533796651,24,0,2,1524,2025-02-20,@demps.8i,7473128735533796651
https://www.tiktok.com/@obadia.goodman/video/7473378771886705963,41,0,1,1411,2025-02-20,@obadia.goodman,7473378771886705963
https://www.tiktok.com/@obadia.goodman/video/7473128887984196910,36,0,1,900,2025-02-20,@obadia.goodman,7473128887984196910
https://www.tiktok.com/@ironease8/video/7473378689510624558,25,0,2,810,2025-02-20,@ironease8,7473378689510624558
https://www.tiktok.com/@ironease8/video/7473150183325617454,21,0,0,322,2025-02-20,@ironease8,7473150183325617454
https://www.tiktok.com/@eeds1u/video/7473378962656316718,27,0,0,567,2025-02-20,@eeds1u,7473378962656316718
https://www.tiktok.com/@eeds1u/video/7473129414625201451,2,0,0,290,2025-02-20,@eeds1u,7473129414625201451
https://www.tiktok.com/@xochitlpadmore/video/7473467269314530567,14,0,2,704,2025-02-20,@xochitlpadmore,7473467269314530567
https://www.tiktok.com/@xochitlpadmore/video/7473148575711497490,2,0,0,134,2025-02-20,@xochitlpadmore,7473148575711497490
https://www.tiktok.com/@neakasamagic1/video/7473465930035629355,7,0,0,282,2025-02-20,@neakasamagic1,7473465930035629355
https://www.tiktok.com/@neakasamagic1/video/7473147249728425262,1,0,1,250,2025-02-20,@neakasamagic1,7473147249728425262
https://www.tiktok.com/@dalmixqgivy/video/7473466470844894506,10,0,1,288,2025-02-20,@dalmixqgivy,7473466470844894506
https://www.tiktok.com/@dalmixqgivy/video/7473147656915684654,10,1,0,346,2025-02-20,@dalmixqgivy,7473147656915684654
https://www.tiktok.com/@willexkn44s/video/7473378274442300702,14,0,0,303,2025-02-20,@willexkn44s,7473378274442300702
https://www.tiktok.com/@willexkn44s/video/7473151637134069023,10,0,0,310,2025-02-20,@willexkn44s,7473151637134069023
https://www.tiktok.com/@dug20315fpo/video/7473379953661332782,16,0,0,274,2025-02-20,@dug20315fpo,7473379953661332782
https://www.tiktok.com/@dug20315fpo/video/7473131767440903470,13,0,3,273,2025-02-20,@dug20315fpo,7473131767440903470
https://www.tiktok.com/@iciarykrr18/video/7473380330846670123,9,0,1,279,2025-02-20,@iciarykrr18,7473380330846670123
https://www.tiktok.com/@iciarykrr18/video/7473131878631918891,7,1,1,364,2025-02-20,@iciarykrr18,7473131878631918891
https://www.tiktok.com/@alardo.richter/video/7472765441799114030,30,0,3,764,2025-02-19,@alardo.richter,7472765441799114030
https://www.tiktok.com/@luckily077/video/7472938104911858987,33,1,3,782,2025-02-19,@luckily077,7472938104911858987
https://www.tiktok.com/@eeds1g/video/7472765607641877806,28,0,1,424,2025-02-19,@eeds1g,7472765607641877806
https://www.tiktok.com/@demps.8i/video/7472775560729627950,6,0,1,314,2025-02-19,@demps.8i,7472775560729627950
https://www.tiktok.com/@obadia.goodman/video/7472776599570550062,18,0,2,845,2025-02-19,@obadia.goodman,7472776599570550062
https://www.tiktok.com/@ironease8/video/7472776249090346283,6,0,0,345,2025-02-19,@ironease8,7472776249090346283
https://www.tiktok.com/@eeds1u/video/7472776586165587242,6,0,1,287,2025-02-19,@eeds1u,7472776586165587242
https://www.tiktok.com/@xochitlpadmore/video/7472752724275416338,4,0,0,207,2025-02-19,@xochitlpadmore,7472752724275416338
https://www.tiktok.com/@neakasamagic1/video/7472751341073632558,8,1,2,267,2025-02-19,@neakasamagic1,7472751341073632558
https://www.tiktok.com/@dalmixqgivy/video/7472752457542585642,3,0,0,165,2025-02-19,@dalmixqgivy,7472752457542585642
https://www.tiktok.com/@willexkn44s/video/7472775568182856991,53,0,0,1092,2025-02-19,@willexkn44s,7472775568182856991
https://www.tiktok.com/@dug20315fpo/video/7472764984817110314,18,0,1,358,2025-02-19,@dug20315fpo,7472764984817110314
https://www.tiktok.com/@iciarykrr18/video/7472764936444480814,6,1,1,400,2025-02-19,@iciarykrr18,7472764936444480814
https://www.tiktok.com/@alardo.richter/video/7472576181196557614,33,0,3,863,2025-02-18,@alardo.richter,7472576181196557614
https://www.tiktok.com/@alardo.richter/video/7472395334648417578,41,0,3,867,2025-02-18,@alardo.richter,7472395334648417578
https://www.tiktok.com/@luckily077/video/7472578378944761134,45,0,7,828,2025-02-18,@luckily077,7472578378944761134
https://www.tiktok.com/@luckily077/video/7472392062650879278,39,1,2,852,2025-02-18,@luckily077,7472392062650879278
https://www.tiktok.com/@luckily077/video/7472018711302688046,39,1,2,885,2025-02-18,@luckily077,7472018711302688046
https://www.tiktok.com/@eeds1g/video/7472577728093457706,4,0,0,389,2025-02-18,@eeds1g,7472577728093457706
https://www.tiktok.com/@eeds1g/video/7472395069430123822,0,0,0,239,2025-02-18,@eeds1g,7472395069430123822
https://www.tiktok.com/@demps.8i/video/7472575453560065326,21,0,1,814,2025-02-18,@demps.8i,7472575453560065326
https://www.tiktok.com/@eeds1u/video/7472581950830710058,5,0,1,343,2025-02-18,@eeds1u,7472581950830710058
https://www.tiktok.com/@xochitlpadmore/video/7472392374996438280,1,0,0,218,2025-02-18,@xochitlpadmore,7472392374996438280
https://www.tiktok.com/@neakasamagic1/video/7472391394162789675,8,0,2,312,2025-02-18,@neakasamagic1,7472391394162789675
https://www.tiktok.com/@dalmixqgivy/video/7472392668492926250,6,1,1,174,2025-02-18,@dalmixqgivy,7472392668492926250
https://www.tiktok.com/@dug20315fpo/video/7472575129923390763,3,0,0,94,2025-02-18,@dug20315fpo,7472575129923390763
https://www.tiktok.com/@dug20315fpo/video/7472391804214627626,4,1,0,119,2025-02-18,@dug20315fpo,7472391804214627626
https://www.tiktok.com/@iciarykrr18/video/7472576777152613678,1,1,1,89,2025-02-18,@iciarykrr18,7472576777152613678
https://www.tiktok.com/@iciarykrr18/video/7472395386011913515,4,1,1,113,2025-02-18,@iciarykrr18,7472395386011913515
https://www.tiktok.com/@alardo.richter/video/7472018363485621547,17,0,1,879,2025-02-17,@alardo.richter,7472018363485621547
https://www.tiktok.com/@eeds1g/video/7472018358284684586,3,0,0,306,2025-02-17,@eeds1g,7472018358284684586
https://www.tiktok.com/@xochitlpadmore/video/7472027616288066834,1,0,0,241,2025-02-17,@xochitlpadmore,7472027616288066834
https://www.tiktok.com/@neakasamagic1/video/7472025600190958894,1,0,0,313,2025-02-17,@neakasamagic1,7472025600190958894
https://www.tiktok.com/@dalmixqgivy/video/7472026994109254958,5,0,0,273,2025-02-17,@dalmixqgivy,7472026994109254958
https://www.tiktok.com/@dug20315fpo/video/7472211694723321134,7,0,0,148,2025-02-17,@dug20315fpo,7472211694723321134
https://www.tiktok.com/@iciarykrr18/video/7472213559406103850,4,0,0,140,2025-02-17,@iciarykrr18,7472213559406103850
https://www.tiktok.com/@dalmixqgivy/video/7471850883358215467,2,0,0,110,2025-02-16,@dalmixqgivy,7471850883358215467
https://www.tiktok.com/@xochitlpadmore/video/7471653733026254087,1,0,0,305,2025-02-15,@xochitlpadmore,7471653733026254087
https://www.tiktok.com/@neakasamagic1/video/7471651623509544235,5,0,1,177,2025-02-15,@neakasamagic1,7471651623509544235
https://www.tiktok.com/@alardo.richter/video/7471264722873027883,9,1,1,400,2025-02-14,@alardo.richter,7471264722873027883
https://www.tiktok.com/@luckily077/video/7471265177531338026,46,1,5,815,2025-02-14,@luckily077,7471265177531338026
https://www.tiktok.com/@eeds1g/video/7471265226688662827,10,0,3,201,2025-02-14,@eeds1g,7471265226688662827
https://www.tiktok.com/@demps.8i/video/7471271702056537387,27,0,3,1026,2025-02-14,@demps.8i,7471271702056537387
https://www.tiktok.com/@demps.8i/video/7470935066366004523,7,0,3,325,2025-02-14,@demps.8i,7470935066366004523
https://www.tiktok.com/@obadia.goodman/video/7471271664068824366,8,0,2,358,2025-02-14,@obadia.goodman,7471271664068824366
https://www.tiktok.com/@obadia.goodman/video/7470934750702914862,8,0,0,292,2025-02-14,@obadia.goodman,7470934750702914862
https://www.tiktok.com/@perezcku0d7/video/7471083540642401566,8,0,0,388,2025-02-14,@perezcku0d7,7471083540642401566
https://www.tiktok.com/@perezcku0d7/video/7470936165726653726,6,0,2,142,2025-02-14,@perezcku0d7,7470936165726653726
https://www.tiktok.com/@ironease8/video/7471286282786999598,6,0,0,367,2025-02-14,@ironease8,7471286282786999598
https://www.tiktok.com/@ironease8/video/7471084459786292522,13,0,0,496,2025-02-14,@ironease8,7471084459786292522
https://www.tiktok.com/@ironease8/video/7470934405196909867,4,0,0,186,2025-02-14,@ironease8,7470934405196909867
https://www.tiktok.com/@eeds1u/video/7471271840120425774,3,0,0,299,2025-02-14,@eeds1u,7471271840120425774
https://www.tiktok.com/@eeds1u/video/7470935138092961070,2,0,1,300,2025-02-14,@eeds1u,7470935138092961070
https://www.tiktok.com/@luckily077/video/7470901911353347371,42,1,8,845,2025-02-13,@luckily077,7470901911353347371
https://www.tiktok.com/@luckily077/video/7470731870704061742,24,0,3,893,2025-02-13,@luckily077,7470731870704061742
https://www.tiktok.com/@parris.woods8/video/7470901696076516638,0,0,0,1,2025-02-13,@parris.woods8,7470901696076516638
https://www.tiktok.com/@parris.woods8/video/7470730259143347487,0,0,0,121,2025-02-13,@parris.woods8,7470730259143347487
https://www.tiktok.com/@jacek.chinchilla/video/7470901260879744298,9,0,2,183,2025-02-13,@jacek.chinchilla,7470901260879744298
https://www.tiktok.com/@jacek.chinchilla/video/7470729394349362478,0,0,0,138,2025-02-13,@jacek.chinchilla,7470729394349362478
https://www.tiktok.com/@eeds1g/video/7470901504350620970,1,0,1,328,2025-02-13,@eeds1g,7470901504350620970
https://www.tiktok.com/@eeds1g/video/7470731949657591083,4,0,0,447,2025-02-13,@eeds1g,7470731949657591083
https://www.tiktok.com/@demps.8i/video/7470722384941763886,6,0,0,308,2025-02-13,@demps.8i,7470722384941763886
https://www.tiktok.com/@obadia.goodman/video/7470720305468607786,1,0,0,135,2025-02-13,@obadia.goodman,7470720305468607786
https://www.tiktok.com/@eeds1u/video/7470732008361266478,8,0,1,320,2025-02-13,@eeds1u,7470732008361266478
https://www.tiktok.com/@amaliqscfq3/video/7470906729035877663,12,0,0,394,2025-02-13,@amaliqscfq3,7470906729035877663
https://www.tiktok.com/@xochitlpadmore/video/7470906996468960519,1,0,0,122,2025-02-13,@xochitlpadmore,7470906996468960519
https://www.tiktok.com/@neakasamagic1/video/7470905036407852334,4,1,1,176,2025-02-13,@neakasamagic1,7470905036407852334
https://www.tiktok.com/@alardo.richter/video/7470543633674931498,2,0,0,783,2025-02-12,@alardo.richter,7470543633674931498
https://www.tiktok.com/@luckily077/video/7470544311772499246,28,2,1,807,2025-02-12,@luckily077,7470544311772499246
https://www.tiktok.com/@luckily077/video/7470192398954466606,14,0,0,309,2025-02-12,@luckily077,7470192398954466606
https://www.tiktok.com/@parris.woods8/video/7470543639706389790,0,0,0,84,2025-02-12,@parris.woods8,7470543639706389790
https://www.tiktok.com/@jacek.chinchilla/video/7470543729657548078,0,0,0,104,2025-02-12,@jacek.chinchilla,7470543729657548078
https://www.tiktok.com/@eeds1g/video/7470544029764324654,6,1,1,314,2025-02-12,@eeds1g,7470544029764324654
https://www.tiktok.com/@eeds1g/video/7470192268293573930,5,0,0,349,2025-02-12,@eeds1g,7470192268293573930
https://www.tiktok.com/@demps.8i/video/7470545730168556846,3,0,1,309,2025-02-12,@demps.8i,7470545730168556846
https://www.tiktok.com/@demps.8i/video/7470333810530340139,2,0,1,323,2025-02-12,@demps.8i,7470333810530340139
https://www.tiktok.com/@demps.8i/video/7470192706799717678,5,0,1,358,2025-02-12,@demps.8i,7470192706799717678
https://www.tiktok.com/@obadia.goodman/video/7470546030661029163,2,0,0,209,2025-02-12,@obadia.goodman,7470546030661029163
https://www.tiktok.com/@obadia.goodman/video/7470334399180066094,3,0,1,198,2025-02-12,@obadia.goodman,7470334399180066094
https://www.tiktok.com/@obadia.goodman/video/7470192270885621038,0,0,0,235,2025-02-12,@obadia.goodman,7470192270885621038
https://www.tiktok.com/@perezcku0d7/video/7470547313212083486,6,0,0,379,2025-02-12,@perezcku0d7,7470547313212083486
https://www.tiktok.com/@perezcku0d7/video/7470338429084028190,0,0,0,114,2025-02-12,@perezcku0d7,7470338429084028190
https://www.tiktok.com/@perezcku0d7/video/7470192491132620063,0,0,0,112,2025-02-12,@perezcku0d7,7470192491132620063
https://www.tiktok.com/@ironease8/video/7470545693283749166,19,0,4,400,2025-02-12,@ironease8,7470545693283749166
https://www.tiktok.com/@ironease8/video/7470334662351670570,14,0,2,286,2025-02-12,@ironease8,7470334662351670570
https://www.tiktok.com/@ironease8/video/7470191925757365547,4,0,0,261,2025-02-12,@ironease8,7470191925757365547
https://www.tiktok.com/@eeds1u/video/7470546919123815726,4,0,2,301,2025-02-12,@eeds1u,7470546919123815726
https://www.tiktok.com/@eeds1u/video/7470338201316740398,8,0,0,447,2025-02-12,@eeds1u,7470338201316740398
https://www.tiktok.com/@eeds1u/video/7470193208576773418,5,0,0,340,2025-02-12,@eeds1u,7470193208576773418
https://www.tiktok.com/@amaliqscfq3/video/7470542730150628638,1,0,0,109,2025-02-12,@amaliqscfq3,7470542730150628638
https://www.tiktok.com/@xochitlpadmore/video/7470545734362795271,1,1,0,123,2025-02-12,@xochitlpadmore,7470545734362795271
https://www.tiktok.com/@xochitlpadmore/video/7470201941772012808,2,0,0,111,2025-02-12,@xochitlpadmore,7470201941772012808
https://www.tiktok.com/@neakasamagic1/video/7470540015634763050,5,0,3,371,2025-02-12,@neakasamagic1,7470540015634763050
https://www.tiktok.com/@alardo.richter/video/7470188108567563566,10,1,1,799,2025-02-11,@alardo.richter,7470188108567563566
https://www.tiktok.com/@parris.woods8/video/7470188738128121119,8,1,2,302,2025-02-11,@parris.woods8,7470188738128121119
https://www.tiktok.com/@jacek.chinchilla/video/7470187976618921262,16,1,2,361,2025-02-11,@jacek.chinchilla,7470187976618921262
https://www.tiktok.com/@perezcku0d7/video/7469952547743075615,1,0,0,119,2025-02-11,@perezcku0d7,7469952547743075615
https://www.tiktok.com/@amaliqscfq3/video/7470170433090882847,0,0,1,119,2025-02-11,@amaliqscfq3,7470170433090882847
https://www.tiktok.com/@neakasamagic1/video/7469997697525665066,35,2,3,1010,2025-02-11,@neakasamagic1,7469997697525665066
https://www.tiktok.com/@demps.8i/video/7469813314260962602,0,0,0,324,2025-02-10,@demps.8i,7469813314260962602
https://www.tiktok.com/@demps.8i/video/7469470155580443946,1,0,0,313,2025-02-10,@demps.8i,7469470155580443946
https://www.tiktok.com/@obadia.goodman/video/7469815873881034026,1,0,0,163,2025-02-10,@obadia.goodman,7469815873881034026
https://www.tiktok.com/@perezcku0d7/video/7469813285609540895,0,0,0,1,2025-02-10,@perezcku0d7,7469813285609540895
https://www.tiktok.com/@ironease8/video/7469813306971262251,31,0,0,1094,2025-02-10,@ironease8,7469813306971262251
https://www.tiktok.com/@eeds1u/video/7469815505545678122,1,0,0,291,2025-02-10,@eeds1u,7469815505545678122
https://www.tiktok.com/@demps.8i/video/7469078933221182762,1,0,1,313,2025-02-09,@demps.8i,7469078933221182762
https://www.tiktok.com/@eeds1u/video/7469446712168418602,3,0,1,328,2025-02-09,@eeds1u,7469446712168418602
https://www.tiktok.com/@eeds1u/video/7469079145083882795,2,0,0,301,2025-02-09,@eeds1u,7469079145083882795
https://www.tiktok.com/@luckily077/video/7469056249452055851,10,1,0,380,2025-02-08,@luckily077,7469056249452055851
https://www.tiktok.com/@luckily077/video/7468715067723369774,0,0,0,106,2025-02-08,@luckily077,7468715067723369774
https://www.tiktok.com/@eeds1g/video/7469056303982218539,3,0,1,439,2025-02-08,@eeds1g,7469056303982218539
https://www.tiktok.com/@eeds1g/video/7468718381873515818,1,0,0,322,2025-02-08,@eeds1g,7468718381873515818
https://www.tiktok.com/@demps.8i/video/7468716355261369642,2,0,0,305,2025-02-08,@demps.8i,7468716355261369642
https://www.tiktok.com/@eeds1u/video/7468713113479761198,0,0,0,168,2025-02-08,@eeds1u,7468713113479761198
https://www.tiktok.com/@neakasamagic1/video/7468870769934716203,6,1,1,699,2025-02-08,@neakasamagic1,7468870769934716203
https://www.tiktok.com/@neakasamagic1/video/7468860304990981418,11,1,0,497,2025-02-08,@neakasamagic1,7468860304990981418
https://www.tiktok.com/@neakasamagic1/video/7468723337569766702,6,0,0,405,2025-02-08,@neakasamagic1,7468723337569766702
https://www.tiktok.com/@luckily077/video/7468306216666844462,2,0,0,250,2025-02-06,@luckily077,7468306216666844462
https://www.tiktok.com/@eeds1g/video/7468305137824468266,9,0,3,401,2025-02-06,@eeds1g,7468305137824468266
https://www.tiktok.com/@demps.8i/video/7468333277699394862,3,0,0,305,2025-02-06,@demps.8i,7468333277699394862
https://www.tiktok.com/@eeds1u/video/7468335703374449963,1,0,2,186,2025-02-06,@eeds1u,7468335703374449963
https://www.tiktok.com/@eeds1g/video/7467934855586958638,6,0,1,572,2025-02-05,@eeds1g,7467934855586958638
https://www.tiktok.com/@demps.8i/video/7467955296783191339,1,0,0,306,2025-02-05,@demps.8i,7467955296783191339
https://www.tiktok.com/@demps.8i/video/7467625990638996782,7,0,1,461,2025-02-05,@demps.8i,7467625990638996782
https://www.tiktok.com/@eeds1u/video/7467954910659824942,7,0,2,1050,2025-02-05,@eeds1u,7467954910659824942
https://www.tiktok.com/@eeds1u/video/7467624816116469038,3,0,1,414,2025-02-05,@eeds1u,7467624816116469038
https://www.tiktok.com/@eeds1u/video/7465363037097135402,6,0,3,1036,2025-01-29,@eeds1u,7465363037097135402
https://www.tiktok.com/@eeds1u/video/7464663997124447534,6,1,0,406,2025-01-28,@eeds1u,7464663997124447534
https://www.tiktok.com/@eeds1g/video/7464590662588009771,3,0,0,307,2025-01-27,@eeds1g,7464590662588009771
https://www.tiktok.com/@eeds1g/video/7463848460182375726,6,0,0,687,2025-01-25,@eeds1g,7463848460182375726
https://www.tiktok.com/@demps.8i/video/7463516245338393899,1,0,0,408,2025-01-25,@demps.8i,7463516245338393899
https://www.tiktok.com/@eeds1g/video/7463494018626866474,16,2,15,2040,2025-01-24,@eeds1g,7463494018626866474
https://www.tiktok.com/@eeds1g/video/7463139253841759530,1,0,0,342,2025-01-23,@eeds1g,7463139253841759530
https://www.tiktok.com/@eeds1u/video/7463119261226093870,36,0,3,7554,2025-01-23,@eeds1u,7463119261226093870
https://www.tiktok.com/@eeds1g/video/7462748843415751979,7,0,2,351,2025-01-22,@eeds1g,7462748843415751979
https://www.tiktok.com/@demps.8i/video/7462735485446769962,2,0,1,388,2025-01-22,@demps.8i,7462735485446769962
https://www.tiktok.com/@eeds1u/video/7462733115258113322,17,0,1,1179,2025-01-22,@eeds1u,7462733115258113322
https://www.tiktok.com/@eeds1g/video/7462392541514632491,12,3,3,413,2025-01-21,@eeds1g,7462392541514632491
https://www.tiktok.com/@demps.8i/video/7462369951006002478,4,0,1,616,2025-01-21,@demps.8i,7462369951006002478
https://www.tiktok.com/@eeds1u/video/7462369378760297774,4,2,0,236,2025-01-21,@eeds1u,7462369378760297774
https://www.tiktok.com/@eeds1g/video/7461999503839694122,5,0,2,1529,2025-01-20,@eeds1g,7461999503839694122
https://www.tiktok.com/@demps.8i/video/7462009332364791083,9,0,3,1199,2025-01-20,@demps.8i,7462009332364791083
https://www.tiktok.com/@eeds1u/video/7462010328788782382,6,0,0,407,2025-01-20,@eeds1u,7462010328788782382
https://www.tiktok.com/@eeds1g/video/7460888348899446062,21,0,3,1285,2025-01-17,@eeds1g,7460888348899446062
https://www.tiktok.com/@eeds1g/video/7460888009374829870,24,0,5,2032,2025-01-17,@eeds1g,7460888009374829870
https://www.tiktok.com/@demps.8i/video/7460887199035165998,4,0,1,506,2025-01-17,@demps.8i,7460887199035165998
https://www.tiktok.com/@demps.8i/video/7460880253284584750,4,0,1,347,2025-01-17,@demps.8i,7460880253284584750
https://www.tiktok.com/@eeds1u/video/7460881285481762091,1,0,0,253,2025-01-17,@eeds1u,7460881285481762091
https://www.tiktok.com/@eeds1g/video/7460497368719445290,28,0,7,1338,2025-01-16,@eeds1g,7460497368719445290
https://www.tiktok.com/@demps.8i/video/7460535567369997611,18,0,3,943,2025-01-16,@demps.8i,7460535567369997611
https://www.tiktok.com/@demps.8i/video/7460527344558542126,9,0,1,320,2025-01-16,@demps.8i,7460527344558542126
https://www.tiktok.com/@eeds1u/video/7460536309791313198,68,1,12,3321,2025-01-16,@eeds1u,7460536309791313198
https://www.tiktok.com/@eeds1u/video/7460531353101143342,1,0,0,252,2025-01-16,@eeds1u,7460531353101143342
https://www.tiktok.com/@eeds1g/video/7460151787954392366,71,2,8,4406,2025-01-15,@eeds1g,7460151787954392366
https://www.tiktok.com/@demps.8i/video/7460148495962459435,7,0,1,819,2025-01-15,@demps.8i,7460148495962459435
https://www.tiktok.com/@demps.8i/video/7460141051114736938,0,0,0,293,2025-01-15,@demps.8i,7460141051114736938
https://www.tiktok.com/@eeds1u/video/7460147611090160938,75,0,1,452,2025-01-15,@eeds1u,7460147611090160938
https://www.tiktok.com/@eeds1u/video/7460142262605843755,8,0,0,353,2025-01-15,@eeds1u,7460142262605843755
https://www.tiktok.com/@eeds1g/video/7459786895191477546,3,1,0,200,2025-01-14,@eeds1g,7459786895191477546
https://www.tiktok.com/@eeds1g/video/7459607703640411438,4,0,0,809,2025-01-14,@eeds1g,7459607703640411438
https://www.tiktok.com/@demps.8i/video/7459793678849068330,0,0,0,104,2025-01-14,@demps.8i,7459793678849068330
https://www.tiktok.com/@demps.8i/video/7459786304189009198,1,0,0,371,2025-01-14,@demps.8i,7459786304189009198
https://www.tiktok.com/@eeds1u/video/7459786525421751594,2,0,0,322,2025-01-14,@eeds1u,7459786525421751594
https://www.tiktok.com/@eeds1g/video/7459417043041897771,14,4,2,436,2025-01-13,@eeds1g,7459417043041897771
https://www.tiktok.com/@demps.8i/video/7459414801408855339,3,0,1,537,2025-01-13,@demps.8i,7459414801408855339
https://www.tiktok.com/@demps.8i/video/7459403973536107822,1,0,0,348,2025-01-13,@demps.8i,7459403973536107822
https://www.tiktok.com/@eeds1u/video/7459416828092255534,13,0,1,1136,2025-01-13,@eeds1u,7459416828092255534
https://www.tiktok.com/@eeds1u/video/7459407787236298026,7,0,0,328,2025-01-13,@eeds1u,7459407787236298026
https://www.tiktok.com/@demps.8i/video/7459015177493613867,9,2,1,703,2025-01-12,@demps.8i,7459015177493613867
https://www.tiktok.com/@eeds1u/video/7459016842133245227,1,0,0,334,2025-01-12,@eeds1u,7459016842133245227
https://www.tiktok.com/@eeds1g/video/7458292958773742891,22,0,1,1277,2025-01-10,@eeds1g,7458292958773742891
https://www.tiktok.com/@demps.8i/video/7458307623935348010,12,1,0,357,2025-01-10,@demps.8i,7458307623935348010
https://www.tiktok.com/@demps.8i/video/7458301339345554734,3,0,0,432,2025-01-10,@demps.8i,7458301339345554734
https://www.tiktok.com/@eeds1u/video/7458312984864116011,6,0,0,498,2025-01-10,@eeds1u,7458312984864116011
https://www.tiktok.com/@eeds1u/video/7458307175274925354,3,0,0,319,2025-01-10,@eeds1u,7458307175274925354
https://www.tiktok.com/@eeds1g/video/7457910288344452394,2,0,0,709,2025-01-09,@eeds1g,7457910288344452394
https://www.tiktok.com/@eeds1g/video/7457909269212515627,2,1,1,371,2025-01-09,@eeds1g,7457909269212515627
https://www.tiktok.com/@demps.8i/video/7457907056520072494,3,2,0,305,2025-01-09,@demps.8i,7457907056520072494
https://www.tiktok.com/@demps.8i/video/7457902319221427502,4,0,2,663,2025-01-09,@demps.8i,7457902319221427502
https://www.tiktok.com/@eeds1u/video/7457943431436913966,0,0,0,623,2025-01-09,@eeds1u,7457943431436913966
https://www.tiktok.com/@eeds1u/video/7457915563491200298,4,0,0,421,2025-01-09,@eeds1u,7457915563491200298
https://www.tiktok.com/@eeds1u/video/7457581272009805099,5,0,1,633,2025-01-09,@eeds1u,7457581272009805099
https://www.tiktok.com/@eeds1g/video/7457541450692185390,2,0,0,563,2025-01-08,@eeds1g,7457541450692185390
https://www.tiktok.com/@eeds1g/video/7457541454936837422,0,0,1,458,2025-01-08,@eeds1g,7457541454936837422
https://www.tiktok.com/@demps.8i/video/7457569108154928430,18,0,2,3134,2025-01-08,@demps.8i,7457569108154928430
https://www.tiktok.com/@demps.8i/video/7457531729436347691,6,0,2,381,2025-01-08,@demps.8i,7457531729436347691
https://www.tiktok.com/@eeds1u/video/7457573551260912939,1,0,0,477,2025-01-08,@eeds1u,7457573551260912939
https://www.tiktok.com/@eeds1u/video/7457205273518935342,1,0,1,421,2025-01-08,@eeds1u,7457205273518935342
https://www.tiktok.com/@eeds1g/video/7457165348459236654,3,0,0,2570,2025-01-07,@eeds1g,7457165348459236654
https://www.tiktok.com/@eeds1g/video/7457164507928972590,5,0,0,579,2025-01-07,@eeds1g,7457164507928972590
https://www.tiktok.com/@demps.8i/video/7457200004663364907,6,0,0,316,2025-01-07,@demps.8i,7457200004663364907
https://www.tiktok.com/@demps.8i/video/7457194942482468138,1,0,0,434,2025-01-07,@demps.8i,7457194942482468138
https://www.tiktok.com/@eeds1u/video/7457199814145609006,0,0,1,387,2025-01-07,@eeds1u,7457199814145609006
https://www.tiktok.com/@eeds1g/video/7456814453300956459,40,0,5,2511,2025-01-06,@eeds1g,7456814453300956459
https://www.tiktok.com/@eeds1g/video/7456809243002375467,5,0,0,611,2025-01-06,@eeds1g,7456809243002375467
https://www.tiktok.com/@demps.8i/video/7456804170494905643,2,0,0,309,2025-01-06,@demps.8i,7456804170494905643
https://www.tiktok.com/@demps.8i/video/7456792169744043307,2,0,0,359,2025-01-06,@demps.8i,7456792169744043307
https://www.tiktok.com/@demps.8i/video/7456416642109558059,4,0,0,331,2025-01-05,@demps.8i,7456416642109558059
https://www.tiktok.com/@demps.8i/video/7455330078407527726,3,0,0,323,2025-01-02,@demps.8i,7455330078407527726
https://www.tiktok.com/@demps.8i/video/7455007807033658666,3,0,2,453,2025-01-02,@demps.8i,7455007807033658666
https://www.tiktok.com/@eeds1g/video/7454769171176557870,5,0,0,1049,2025-01-01,@eeds1g,7454769171176557870
https://www.tiktok.com/@demps.8i/video/7454590684398619950,5,2,0,2829,2025-01-01,@demps.8i,7454590684398619950
https://www.tiktok.com/@demps.8i/video/7454194166449376555,6,0,0,370,2024-12-30,@demps.8i,7454194166449376555
https://www.tiktok.com/@demps.8i/video/7453869586681941294,4,0,0,380,2024-12-30,@demps.8i,7453869586681941294
https://www.tiktok.com/@demps.8i/video/7453085836209392942,2,0,0,362,2024-12-27,@demps.8i,7453085836209392942
https://www.tiktok.com/@demps.8i/video/7452707402383887659,8,0,1,962,2024-12-26,@demps.8i,7452707402383887659
https://www.tiktok.com/@demps.8i/video/7452344241919102254,1,0,0,376,2024-12-25,@demps.8i,7452344241919102254
https://www.tiktok.com/@demps.8i/video/7451975523867168046,30,0,3,958,2024-12-24,@demps.8i,7451975523867168046
https://www.tiktok.com/@demps.8i/video/7451632852094946606,5,0,1,256,2024-12-23,@demps.8i,7451632852094946606
https://www.tiktok.com/@demps.8i/video/7451257815840279854,6,0,2,372,2024-12-22,@demps.8i,7451257815840279854
https://www.tiktok.com/@demps.8i/video/7450519856631303470,5,0,0,428,2024-12-20,@demps.8i,7450519856631303470
https://www.tiktok.com/@demps.8i/video/7450121831551388974,14,0,1,373,2024-12-19,@demps.8i,7450121831551388974
https://www.tiktok.com/@demps.8i/video/7449764275545034026,0,0,0,316,2024-12-18,@demps.8i,7449764275545034026
https://www.tiktok.com/@demps.8i/video/7449407061823163690,14,0,1,355,2024-12-17,@demps.8i,7449407061823163690
https://www.tiktok.com/@demps.8i/video/7449028732846607658,2,0,0,407,2024-12-16,@demps.8i,7449028732846607658
https://www.tiktok.com/@demps.8i/video/7448665870131334442,1,0,0,95,2024-12-15,@demps.8i,7448665870131334442
https://www.tiktok.com/@demps.8i/video/7447929470415211822,6,0,0,320,2024-12-14,@demps.8i,7447929470415211822
https://www.tiktok.com/@demps.8i/video/7447537690502778154,2,0,0,390,2024-12-12,@demps.8i,7447537690502778154
https://www.tiktok.com/@demps.8i/video/7447181070832848170,3,0,0,441,2024-12-11,@demps.8i,7447181070832848170
https://www.tiktok.com/@demps.8i/video/7446795829064568106,0,0,0,128,2024-12-10,@demps.8i,7446795829064568106
https://www.tiktok.com/@demps.8i/video/7446599428363980078,0,0,0,358,2024-12-10,@demps.8i,7446599428363980078
https://www.tiktok.com/@neakasamagic1/video/7446038701974572330,24,0,1,755,2024-12-08,@neakasamagic1,7446038701974572330
https://www.tiktok.com/@demps.8i/video/7445310073741544746,3,0,2,354,2024-12-07,@demps.8i,7445310073741544746
https://www.tiktok.com/@neakasamagic1/video/7445510141283142954,12,0,2,729,2024-12-07,@neakasamagic1,7445510141283142954
https://www.tiktok.com/@neakasamagic1/video/7444959891657297198,6,1,3,1194,2024-12-06,@neakasamagic1,7444959891657297198
https://www.tiktok.com/@demps.8i/video/7444938238919216427,0,0,0,364,2024-12-05,@demps.8i,7444938238919216427
https://www.tiktok.com/@demps.8i/video/7444567941401595178,1,0,0,367,2024-12-04,@demps.8i,7444567941401595178
https://www.tiktok.com/@neakasamagic1/video/7444581666254753067,8,0,0,906,2024-12-04,@neakasamagic1,7444581666254753067
https://www.tiktok.com/@demps.8i/video/7444214346525265198,0,0,0,375,2024-12-03,@demps.8i,7444214346525265198
https://www.tiktok.com/@neakasamagic1/video/7444195685047536939,3,0,0,642,2024-12-03,@neakasamagic1,7444195685047536939
https://www.tiktok.com/@neakasamagic1/video/7444012477408546094,6,0,3,1398,2024-12-03,@neakasamagic1,7444012477408546094
https://www.tiktok.com/@demps.8i/video/7443821079140879662,5,0,0,804,2024-12-02,@demps.8i,7443821079140879662
https://www.tiktok.com/@neakasamagic1/video/7443625289243987230,2,0,0,679,2024-12-02,@neakasamagic1,7443625289243987230
https://www.tiktok.com/@demps.8i/video/7443468428637195551,0,0,0,288,2024-12-01,@demps.8i,7443468428637195551
https://www.tiktok.com/@neakasamagic1/video/7442703429081795871,8,0,1,1023,2024-11-29,@neakasamagic1,7442703429081795871
https://www.tiktok.com/@neakasamagic1/video/7442348828172324126,6,0,2,910,2024-11-28,@neakasamagic1,7442348828172324126
https://www.tiktok.com/@demps.8i/video/7441975725554502942,17,0,2,5294,2024-11-27,@demps.8i,7441975725554502942
https://www.tiktok.com/@demps.8i/video/7441621676418239775,4,0,1,834,2024-11-27,@demps.8i,7441621676418239775
https://www.tiktok.com/@neakasamagic1/video/7441966869952630047,1,0,0,653,2024-11-27,@neakasamagic1,7441966869952630047
https://www.tiktok.com/@neakasamagic1/video/7441613816036642079,10,0,3,834,2024-11-26,@neakasamagic1,7441613816036642079
https://www.tiktok.com/@neakasamagic1/video/7441233504777686303,1,0,0,872,2024-11-25,@neakasamagic1,7441233504777686303
https://www.tiktok.com/@neakasamagic1/video/7440894468850502943,9,1,0,713,2024-11-25,@neakasamagic1,7440894468850502943
https://www.tiktok.com/@neakasamagic1/video/7440127721847393567,1,0,0,406,2024-11-22,@neakasamagic1,7440127721847393567
https://www.tiktok.com/@neakasamagic1/video/7439380352671485214,2,0,1,1230,2024-11-20,@neakasamagic1,7439380352671485214
https://www.tiktok.com/@neakasamagic1/video/7439174041069538591,13,1,0,769,2024-11-20,@neakasamagic1,7439174041069538591
https://www.tiktok.com/@neakasamagic1/video/7439014723812625695,4,0,0,399,2024-11-19,@neakasamagic1,7439014723812625695
https://www.tiktok.com/@neakasamagic1/video/7438570952864042271,21,0,0,1167,2024-11-18,@neakasamagic1,7438570952864042271
https://www.tiktok.com/@neakasamagic1/video/7438255179771825439,5,0,1,831,2024-11-17,@neakasamagic1,7438255179771825439
https://www.tiktok.com/@neakasamagic1/video/7437527935831084319,5,0,0,841,2024-11-15,@neakasamagic1,7437527935831084319
https://www.tiktok.com/@neakasamagic1/video/7437158322853170463,16,4,3,1638,2024-11-14,@neakasamagic1,7437158322853170463
https://www.tiktok.com/@neakasamagic1/video/7436760359039454495,2,0,0,388,2024-11-13,@neakasamagic1,7436760359039454495
https://www.tiktok.com/@neakasamagic1/video/7436408188318092575,19,0,4,2138,2024-11-12,@neakasamagic1,7436408188318092575
https://www.tiktok.com/@neakasamagic1/video/7436040552887389470,10,0,1,751,2024-11-11,@neakasamagic1,7436040552887389470
https://www.tiktok.com/@neakasamagic1/video/7435702591834557726,12,0,1,1056,2024-11-11,@neakasamagic1,7435702591834557726
https://www.tiktok.com/@neakasamagic1/video/7434939944411368734,34,0,2,4038,2024-11-09,@neakasamagic1,7434939944411368734
https://www.tiktok.com/@neakasamagic1/video/7434507261625601311,2,0,0,790,2024-11-07,@neakasamagic1,7434507261625601311
https://www.tiktok.com/@neakasamagic1/video/7434233034452307230,7,1,1,1682,2024-11-07,@neakasamagic1,7434233034452307230
https://www.tiktok.com/@neakasamagic1/video/7433979042220608798,3,0,0,804,2024-11-06,@neakasamagic1,7433979042220608798
https://www.tiktok.com/@neakasamagic1/video/7433819469497093406,7,0,1,2408,2024-11-05,@neakasamagic1,7433819469497093406
https://www.tiktok.com/@neakasamagic1/video/7433412871683329310,2,0,1,655,2024-11-04,@neakasamagic1,7433412871683329310
https://www.tiktok.com/@neakasamagic1/video/7433093707655548191,5,0,0,691,2024-11-04,@neakasamagic1,7433093707655548191
https://www.tiktok.com/@neakasamagic1/video/7432364347583712542,8,1,2,848,2024-11-02,@neakasamagic1,7432364347583712542
https://www.tiktok.com/@neakasamagic1/video/7431764733318941982,16,0,2,953,2024-10-31,@neakasamagic1,7431764733318941982
https://www.tiktok.com/@neakasamagic1/video/7431389725207891231,3,0,0,665,2024-10-30,@neakasamagic1,7431389725207891231
https://www.tiktok.com/@neakasamagic1/video/7431238934522268958,13,1,4,843,2024-10-30,@neakasamagic1,7431238934522268958
https://www.tiktok.com/@neakasamagic1/video/7430854066378378527,14,1,2,1423,2024-10-28,@neakasamagic1,7430854066378378527
https://www.tiktok.com/@neakasamagic1/video/7430505347279850782,38,1,7,1941,2024-10-28,@neakasamagic1,7430505347279850782
https://www.tiktok.com/@neakasamagic1/video/7429751122342006046,84,0,2,4451,2024-10-26,@neakasamagic1,7429751122342006046
https://www.tiktok.com/@neakasamagic1/video/7429345030667635999,7,0,1,2018,2024-10-24,@neakasamagic1,7429345030667635999
https://www.tiktok.com/@neakasamagic1/video/7428991571980422430,6,0,2,747,2024-10-23,@neakasamagic1,7428991571980422430
https://www.tiktok.com/@neakasamagic1/video/7428816156141636895,38,0,3,960,2024-10-23,@neakasamagic1,7428816156141636895
https://www.tiktok.com/@neakasamagic1/video/7428249620578454815,63,0,10,10700,2024-10-21,@neakasamagic1,7428249620578454815
https://www.tiktok.com/@neakasamagic1/video/7427915400085638430,8,0,0,400,2024-10-21,@neakasamagic1,7427915400085638430
https://www.tiktok.com/@neakasamagic1/video/7427152003416984863,15,0,1,830,2024-10-19,@neakasamagic1,7427152003416984863
https://www.tiktok.com/@neakasamagic1/video/7426790838086290719,34,0,10,3145,2024-10-18,@neakasamagic1,7426790838086290719
https://www.tiktok.com/@demps.8i/video/7454949620523765035,5,2,0,335,2024-10-21,@demps.8i,7454949620523765035
https://www.tiktok.com/@demps.8i/video/7445494259412716846,3,0,2,402,2024-10-21,@demps.8i,7445494259412716846
https://www.tiktok.com/@eeds1u/video/7473865088676465962,42,0,4,908,2024-10-19,@eeds1u,7473865088676465962
https://www.tiktok.com/@obadia.goodman/video/7480216155312016686,47,0,0,1688,2024-10-18,,7480216155312016686